{"cameraMode":{"drawMode":0,"name":"Shaded","section":"Shading Mode"},"sceneLighting":true,"audioPlay":false,"sceneViewState":{"m_AlwaysRefresh":false,"showFog":true,"showSkybox":true,"showFlares":true,"showImageEffects":true,"showParticleSystems":true,"showVisualEffectGraphs":true,"m_FxEnabled":true},"in2DMode":false,"pivot":{"x":1.5897455215454102,"y":5.029754638671875,"z":1.3859336376190186},"rotation":{"x":0.3459937274456024,"y":-0.08707880973815918,"z":0.032270487397909167,"w":0.9336299896240234},"size":5.8580827713012699,"orthographic":false}