{"cameraMode":{"drawMode":0,"name":"Shaded","section":"Shading Mode"},"sceneLighting":true,"audioPlay":false,"sceneViewState":{"m_AlwaysRefresh":false,"showFog":true,"showSkybox":true,"showFlares":true,"showImageEffects":true,"showParticleSystems":true,"showVisualEffectGraphs":true,"m_FxEnabled":true},"in2DMode":false,"pivot":{"x":0.5027437210083008,"y":2.0155811309814455,"z":-5.683574199676514},"rotation":{"x":-0.034792181104421619,"y":-0.9546042680740356,"z":0.2688247859477997,"w":-0.12354381382465363},"size":5.3717732429504398,"orthographic":true}