{"cameraMode":{"drawMode":0,"name":"Shaded","section":"Shading Mode"},"sceneLighting":true,"audioPlay":false,"sceneViewState":{"m_AlwaysRefresh":false,"showFog":true,"showSkybox":true,"showFlares":true,"showImageEffects":true,"showParticleSystems":true,"showVisualEffectGraphs":true,"m_FxEnabled":true},"in2DMode":false,"pivot":{"x":-3.049999952316284,"y":5.940000057220459,"z":2.8499999046325685},"rotation":{"x":-0.16511653363704682,"y":0.8170217871665955,"z":-0.47323495149612429,"w":-0.28506672382354739},"size":13.608617782592774,"orthographic":false}